{"cameraMode":{"drawMode":0,"name":"Shaded","section":"Shading Mode"},"sceneLighting":true,"audioPlay":false,"sceneViewState":{"m_AlwaysRefresh":false,"showFog":true,"showSkybox":true,"showFlares":true,"showImageEffects":true,"showParticleSystems":true,"showVisualEffectGraphs":true,"m_FxEnabled":true},"in2DMode":false,"pivot":{"x":-10.922368049621582,"y":-10.544105529785157,"z":18.833871841430665},"rotation":{"x":-0.13815437257289887,"y":0.19241616129875184,"z":-0.027372602373361589,"w":-0.9711593985557556},"size":38.57339096069336,"orthographic":false}