{"cameraMode":{"drawMode":0,"name":"Shaded","section":"Shading Mode"},"sceneLighting":true,"audioPlay":false,"sceneViewState":{"m_AlwaysRefresh":false,"showFog":true,"showSkybox":true,"showFlares":true,"showImageEffects":true,"showParticleSystems":true,"showVisualEffectGraphs":true,"m_FxEnabled":true},"in2DMode":false,"pivot":{"x":-1.1011868715286255,"y":-0.5118064880371094,"z":4.869375228881836},"rotation":{"x":-0.1689785271883011,"y":0.013894188217818737,"z":-0.0023820914793759586,"w":-0.9855232834815979},"size":11.819307327270508,"orthographic":false}