{"cameraMode":{"drawMode":0,"name":"Shaded","section":"Shading Mode"},"sceneLighting":true,"audioPlay":false,"sceneViewState":{"m_AlwaysRefresh":false,"showFog":true,"showSkybox":true,"showFlares":true,"showImageEffects":true,"showParticleSystems":true,"showVisualEffectGraphs":true,"m_FxEnabled":true},"in2DMode":false,"pivot":{"x":-1.0209848880767823,"y":-46.23455810546875,"z":88.33352661132813},"rotation":{"x":0.2380031943321228,"y":-0.0014601988950744272,"z":0.00035837877658195794,"w":0.9712635278701782},"size":94.31122589111328,"orthographic":false}