{"cameraMode":{"drawMode":0,"name":"Shaded","section":"Shading Mode"},"sceneLighting":false,"audioPlay":false,"sceneViewState":{"m_AlwaysRefresh":false,"showFog":true,"showSkybox":false,"showFlares":true,"showImageEffects":true,"showParticleSystems":true,"showVisualEffectGraphs":true,"m_FxEnabled":true},"in2DMode":false,"pivot":{"x":-3.8205409049987795,"y":2.190000057220459,"z":1.8089179992675782},"rotation":{"x":-0.125850111246109,"y":-0.04403458535671234,"z":0.0055921985767781738,"w":-0.9910590052604675},"size":2.8371639251708986,"orthographic":false}